[
    {
        "source": "Neowin",
        "title": "Alibaba releases new visual reasoning model that can see, understand, and think",
        "link": "https:\/\/www.neowin.net\/news\/alibaba-releases-new-visual-reasoning-model-that-can-see-understand-and-think\/",
        "formatted": "📰 [Neowin] Alibaba releases new visual reasoning model that can see, understand, and think — Read more: https:\/\/www.neowin.net\/news\/alibaba-releases-new-visual-reasoning-model-that-can-see-understand-and-think\/"
    },
    {
        "source": "TechCrunch",
        "title": "Elon Musk says xAI acquired X",
        "link": "https:\/\/techcrunch.com\/2025\/03\/28\/elon-musk-says-xai-acquired-x\/",
        "formatted": "📰 [TechCrunch] Elon Musk says xAI acquired X — Read more: https:\/\/techcrunch.com\/2025\/03\/28\/elon-musk-says-xai-acquired-x\/"
    },
    {
        "source": "Engadget",
        "title": "Amazon Spring Sale tech deals: The best discounts from Apple, Bose, Sonos, Beats, Anker and others",
        "link": "https:\/\/www.engadget.com\/deals\/amazon-spring-sale-tech-deals-the-best-discounts-from-apple-bose-sonos-beats-anker-and-others-130607581.html?src=rss",
        "formatted": "📰 [Engadget] Amazon Spring Sale tech deals: The best discounts from Apple, Bose, Sonos, Beats, Anker and others — Read more: https:\/\/www.engadget.com\/deals\/amazon-spring-sale-tech-deals-the-best-discounts-from-apple-bose-sonos-beats-anker-and-others-130607581.html?src=rss"
    },
    {
        "source": "The Hindu",
        "title": "Maharashtra Government sets up protocol to counter ‘incorrect’ media reports on schemes",
        "link": "https:\/\/www.thehindu.com\/news\/national\/maharashtra\/maharashtra-government-sets-up-protocol-to-counter-incorrect-media-reports-on-schemes\/article69389491.ece",
        "formatted": "📰 [The Hindu] Maharashtra Government sets up protocol to counter ‘incorrect’ media reports on schemes — Read more: https:\/\/www.thehindu.com\/news\/national\/maharashtra\/maharashtra-government-sets-up-protocol-to-counter-incorrect-media-reports-on-schemes\/article69389491.ece"
    }
]